feature,importance
landscape_feat_1694,0.014444444444444442
landscape_feat_1948,0.012668997668997671
landscape_feat_636,0.011317212529333742
landscape_feat_2028,0.010959595959595957
landscape_feat_1521,0.010770525770525771
landscape_feat_147,0.010692640692640691
landscape_feat_164,0.010653431865553079
landscape_feat_2515,0.009258241758241758
landscape_feat_1090,0.008311688311688312
landscape_feat_1659,0.008083103764921946
landscape_feat_1988,0.008076923076923079
landscape_feat_1897,0.007959183673469388
landscape_feat_46,0.007777777777777777
landscape_feat_1908,0.00772893772893773
landscape_feat_2047,0.007297226582940869
landscape_feat_545,0.007247023809523809
landscape_feat_1947,0.007229154287977817
landscape_feat_2518,0.007070707070707071
landscape_feat_544,0.006879120879120879
landscape_feat_2277,0.00685350529100529
landscape_feat_2624,0.0067161410018552895
landscape_feat_45,0.006694214876033058
landscape_feat_2590,0.006666666666666667
landscape_feat_2026,0.006666666666666667
landscape_feat_262,0.006666666666666666
landscape_feat_554,0.006666666666666666
landscape_feat_1611,0.006666666666666666
landscape_feat_1906,0.006581196581196582
landscape_feat_1895,0.006581196581196581
landscape_feat_51,0.006581196581196581
landscape_feat_1920,0.006493506493506493
landscape_feat_1725,0.006428571428571428
landscape_feat_1654,0.006367717579838792
landscape_feat_2232,0.006367717579838792
landscape_feat_2549,0.006367717579838792
landscape_feat_652,0.006276923076923076
landscape_feat_1905,0.006267361111111111
landscape_feat_1068,0.00619047619047619
landscape_feat_1969,0.00610870610870611
landscape_feat_2067,0.006063579277864992
landscape_feat_1576,0.006037362637362638
landscape_feat_1505,0.005883757446257445
landscape_feat_2082,0.005833333333333334
landscape_feat_1544,0.005714285714285714
landscape_feat_1893,0.005454545454545455
landscape_feat_1075,0.005454545454545455
landscape_feat_1709,0.005389610389610391
landscape_feat_63,0.005384615384615384
landscape_feat_767,0.005384615384615384
landscape_feat_749,0.005384615384615384
landscape_feat_1994,0.005384615384615384
landscape_feat_1699,0.005238095238095237
landscape_feat_537,0.005238095238095237
landscape_feat_1707,0.005238095238095237
landscape_feat_2013,0.005238095238095237
landscape_feat_1664,0.005238095238095237
landscape_feat_2651,0.0051698806244260785
landscape_feat_1943,0.005000000000000001
landscape_feat_1886,0.005000000000000001
landscape_feat_543,0.005000000000000001
landscape_feat_42,0.005000000000000001
landscape_feat_2460,0.00494949494949495
landscape_feat_1681,0.004865319865319865
landscape_feat_669,0.004865319865319865
landscape_feat_2588,0.004865319865319865
landscape_feat_2006,0.004865319865319865
landscape_feat_2628,0.004865319865319865
landscape_feat_667,0.004761904761904762
landscape_feat_1517,0.004761904761904762
landscape_feat_532,0.004726562499999999
landscape_feat_168,0.004726562499999999
landscape_feat_1597,0.004688644688644688
landscape_feat_1672,0.004688644688644688
landscape_feat_1958,0.004681872749099639
landscape_feat_1951,0.0046753246753246745
landscape_feat_771,0.004662004662004662
landscape_feat_2257,0.004642857142857143
landscape_feat_2196,0.004642857142857143
landscape_feat_2425,0.004642857142857142
landscape_feat_1518,0.004642857142857142
landscape_feat_67,0.004642857142857142
landscape_feat_1616,0.004615384615384616
landscape_feat_1873,0.004615384615384616
landscape_feat_536,0.004583333333333333
landscape_feat_2173,0.004545454545454546
landscape_feat_576,0.004545454545454546
landscape_feat_238,0.004545454545454545
landscape_feat_347,0.004545454545454545
landscape_feat_1097,0.004545454545454545
landscape_feat_1560,0.0045000000000000005
landscape_feat_1514,0.0044444444444444444
landscape_feat_68,0.004405594405594407
landscape_feat_557,0.004405594405594406
landscape_feat_1952,0.004405594405594406
landscape_feat_1899,0.004405594405594406
landscape_feat_274,0.004395604395604396
landscape_feat_177,0.004285714285714285
landscape_feat_1089,0.004285714285714285
landscape_feat_645,0.004285714285714285
landscape_feat_2678,0.004285714285714285
landscape_feat_1644,0.004285714285714285
landscape_feat_522,0.004285714285714285
landscape_feat_1731,0.004166666666666666
landscape_feat_854,0.004126984126984127
landscape_feat_1169,0.004117647058823529
landscape_feat_2436,0.004074074074074075
landscape_feat_2109,0.003978243978243977
landscape_feat_56,0.003968253968253969
landscape_feat_1701,0.003896103896103896
landscape_feat_2537,0.0038888888888888888
landscape_feat_2487,0.0038095238095238095
landscape_feat_2108,0.0037762237762237754
landscape_feat_1724,0.00375
landscape_feat_2168,0.00375
landscape_feat_2127,0.00375
landscape_feat_1766,0.00375
landscape_feat_1929,0.0037499999999999994
landscape_feat_1733,0.003749999999999999
landscape_feat_2219,0.0036063936063936057
landscape_feat_1900,0.0036000000000000016
landscape_feat_1712,0.003551678400163249
landscape_feat_654,0.0035256410256410253
landscape_feat_2295,0.0035256410256410253
landscape_feat_2379,0.0035064935064935076
landscape_feat_1064,0.0035064935064935076
landscape_feat_1996,0.003418803418803419
landscape_feat_1624,0.003418803418803419
landscape_feat_2222,0.0034188034188034184
landscape_feat_1824,0.00336035681490227
landscape_feat_2027,0.0033333333333333344
landscape_feat_2698,0.0033333333333333344
landscape_feat_1540,0.0033333333333333335
landscape_feat_2019,0.0033333333333333335
landscape_feat_1979,0.0033333333333333335
landscape_feat_2258,0.003333333333333333
landscape_feat_2191,0.0033163265306122443
landscape_feat_1527,0.0033163265306122443
landscape_feat_1982,0.0033163265306122443
landscape_feat_2411,0.003305785123966942
landscape_feat_138,0.0033033459595959587
landscape_feat_1721,0.0032773109243697477
landscape_feat_2068,0.003246753246753248
landscape_feat_1655,0.003246753246753248
landscape_feat_683,0.00324074074074074
landscape_feat_1096,0.003232323232323232
landscape_feat_1510,0.0032323232323232315
landscape_feat_125,0.003142536475869809
landscape_feat_1058,0.0030769230769230765
landscape_feat_180,0.0030555555555555557
landscape_feat_2501,0.0030476190476190477
landscape_feat_820,0.0029296875000000004
landscape_feat_565,0.0029296875000000004
landscape_feat_2637,0.002910052910052911
landscape_feat_2571,0.0029008029008029002
landscape_feat_533,0.0028571428571428576
landscape_feat_535,0.002844444444444445
landscape_feat_1821,0.0028125000000000008
landscape_feat_2087,0.002797202797202798
landscape_feat_513,0.002797202797202797
landscape_feat_2358,0.002777777777777778
landscape_feat_1091,0.0027272727272727266
landscape_feat_2247,0.0026936026936026937
landscape_feat_2408,0.002678571428571429
landscape_feat_551,0.0026666666666666666
landscape_feat_1596,0.002597402597402598
landscape_feat_1591,0.002597402597402598
landscape_feat_2622,0.002414285714285714
landscape_feat_243,0.0023809523809523807
landscape_feat_1085,0.0023809523809523807
landscape_feat_2513,0.0023437500000000003
landscape_feat_2512,0.0023437500000000003
landscape_feat_253,0.0022657342657342655
landscape_feat_2413,0.0022222222222222222
landscape_feat_1866,0.0022222222222222222
landscape_feat_1088,0.0022222222222222214
landscape_feat_47,0.002051282051282051
landscape_feat_1626,0.0020408163265306133
landscape_feat_1634,0.0020408163265306133
landscape_feat_1172,0.0020408163265306133
landscape_feat_2272,0.002040816326530613
landscape_feat_863,0.002028740490278951
landscape_feat_74,0.0020202020202020206
landscape_feat_1692,0.002014652014652015
landscape_feat_1524,0.0020089285714285712
landscape_feat_2585,0.002
landscape_feat_2204,0.002
landscape_feat_2159,0.001998001998001998
landscape_feat_2506,0.001958983777165596
landscape_feat_2265,0.001958983777165596
landscape_feat_2202,0.0019444444444444437
landscape_feat_875,0.0019230769230769223
landscape_feat_2128,0.0019230769230769223
landscape_feat_2243,0.0019230769230769223
landscape_feat_2683,0.0019230769230769223
landscape_feat_1052,0.0019097222222222224
landscape_feat_2480,0.0019097222222222224
landscape_feat_2285,0.0019097222222222224
landscape_feat_1600,0.0019047619047619043
landscape_feat_1975,0.0018939393939393942
landscape_feat_1168,0.0018939393939393942
landscape_feat_1551,0.0018939393939393942
landscape_feat_2499,0.001883830455259027
landscape_feat_2693,0.0018750000000000006
landscape_feat_2186,0.001866666666666666
landscape_feat_562,0.0018632009016624413
landscape_feat_227,0.001851851851851852
landscape_feat_2346,0.0018518518518518517
landscape_feat_1623,0.0018518518518518517
landscape_feat_62,0.0018365472910927458
landscape_feat_1053,0.0018365472910927454
landscape_feat_596,0.0018365472910927452
landscape_feat_2587,0.0018229166666666665
landscape_feat_542,0.0018229166666666665
landscape_feat_1608,0.0018181818181818188
landscape_feat_1507,0.0018181818181818188
landscape_feat_1679,0.0018181818181818188
landscape_feat_2418,0.0018181818181818182
landscape_feat_1565,0.0018000000000000004
landscape_feat_50,0.0017957351290684622
landscape_feat_2597,0.0017957351290684622
landscape_feat_181,0.001795735129068462
landscape_feat_1695,0.0017957351290684618
landscape_feat_1612,0.0017957351290684618
landscape_feat_2300,0.0017857142857142857
landscape_feat_1959,0.0017676767676767678
landscape_feat_2038,0.0017676767676767678
landscape_feat_2281,0.0017499999999999998
landscape_feat_87,0.0017316017316017318
landscape_feat_1621,0.0017142857142857146
landscape_feat_2105,0.0016666666666666666
landscape_feat_2393,0.0016666666666666663
landscape_feat_1536,0.0015999999999999999
landscape_feat_1941,0.0015999999999999999
landscape_feat_547,0.0015669515669515669
landscape_feat_2198,0.0015625
landscape_feat_1637,0.0015625
landscape_feat_1189,0.0015625
landscape_feat_2552,0.0015625
landscape_feat_2070,0.0015624999999999997
landscape_feat_1268,0.001547619047619047
landscape_feat_838,0.0015304560759106215
landscape_feat_1050,0.0015151515151515152
landscape_feat_668,0.0015151515151515152
landscape_feat_559,0.0015
landscape_feat_333,0.0014652014652014652
landscape_feat_2073,0.0014652014652014652
landscape_feat_322,0.0014128728414442699
landscape_feat_1683,0.001388888888888889
landscape_feat_2561,0.0013468013468013469
landscape_feat_1814,0.0013468013468013469
landscape_feat_2200,0.0013468013468013469
landscape_feat_1924,0.0013468013468013469
landscape_feat_2043,0.0013333333333333335
landscape_feat_2409,0.0013333333333333333
landscape_feat_2367,0.0013333333333333333
landscape_feat_1753,0.0013333333333333333
landscape_feat_1998,0.0013333333333333333
landscape_feat_2209,0.0012820512820512825
landscape_feat_724,0.0010101010101010103
landscape_feat_1266,0.0010101010101010103
landscape_feat_1706,0.0010101010101010103
landscape_feat_2075,0.0010101010101010103
landscape_feat_1784,0.0010000000000000002
landscape_feat_1164,0.0008417508417508418
landscape_feat_169,0.0008264462809917357
landscape_feat_2560,0.0008181818181818185
landscape_feat_2244,0.0008080808080808085
landscape_feat_2207,0.0008080808080808085
landscape_feat_2341,0.00048484848484848505
landscape_feat_1778,0.0
landscape_feat_1972,0.0
landscape_feat_1776,0.0
landscape_feat_1777,0.0
landscape_feat_1804,0.0
landscape_feat_1977,0.0
landscape_feat_1949,0.0
landscape_feat_1802,0.0
landscape_feat_1803,0.0
landscape_feat_1770,0.0
landscape_feat_1945,0.0
landscape_feat_1801,0.0
landscape_feat_1779,0.0
landscape_feat_1950,0.0
landscape_feat_1800,0.0
landscape_feat_1780,0.0
landscape_feat_1762,0.0
landscape_feat_1946,0.0
landscape_feat_1808,0.0
landscape_feat_1944,0.0
landscape_feat_1759,0.0
landscape_feat_1807,0.0
landscape_feat_1939,0.0
landscape_feat_1758,0.0
landscape_feat_1937,0.0
landscape_feat_1806,0.0
landscape_feat_1976,0.0
landscape_feat_1940,0.0
landscape_feat_1771,0.0
landscape_feat_1805,0.0
landscape_feat_1938,0.0
landscape_feat_1774,0.0
landscape_feat_1974,0.0
landscape_feat_1942,0.0
landscape_feat_1760,0.0
landscape_feat_1775,0.0
landscape_feat_1773,0.0
landscape_feat_1984,0.0
landscape_feat_1761,0.0
landscape_feat_1973,0.0
landscape_feat_1967,0.0
landscape_feat_1983,0.0
landscape_feat_1961,0.0
landscape_feat_1809,0.0
landscape_feat_1963,0.0
landscape_feat_1792,0.0
landscape_feat_1768,0.0
landscape_feat_1781,0.0
landscape_feat_1782,0.0
landscape_feat_1964,0.0
landscape_feat_1791,0.0
landscape_feat_1790,0.0
landscape_feat_1769,0.0
landscape_feat_1965,0.0
landscape_feat_1966,0.0
landscape_feat_1968,0.0
landscape_feat_1789,0.0
landscape_feat_1788,0.0
landscape_feat_1783,0.0
landscape_feat_1787,0.0
landscape_feat_1786,0.0
landscape_feat_1785,0.0
landscape_feat_1962,0.0
landscape_feat_1767,0.0
landscape_feat_1799,0.0
landscape_feat_1793,0.0
landscape_feat_1971,0.0
landscape_feat_1981,0.0
landscape_feat_1953,0.0
landscape_feat_1954,0.0
landscape_feat_1763,0.0
landscape_feat_1798,0.0
landscape_feat_1797,0.0
landscape_feat_1764,0.0
landscape_feat_1980,0.0
landscape_feat_1796,0.0
landscape_feat_1765,0.0
landscape_feat_1955,0.0
landscape_feat_1772,0.0
landscape_feat_1970,0.0
landscape_feat_1795,0.0
landscape_feat_1957,0.0
landscape_feat_1978,0.0
landscape_feat_1960,0.0
landscape_feat_1794,0.0
landscape_feat_1956,0.0
landscape_feat_1877,0.0
landscape_feat_1936,0.0
landscape_feat_1848,0.0
landscape_feat_1857,0.0
landscape_feat_1856,0.0
landscape_feat_1855,0.0
landscape_feat_1854,0.0
landscape_feat_1890,0.0
landscape_feat_1853,0.0
landscape_feat_1852,0.0
landscape_feat_1851,0.0
landscape_feat_1891,0.0
landscape_feat_1850,0.0
landscape_feat_1849,0.0
landscape_feat_1847,0.0
landscape_feat_1889,0.0
landscape_feat_1846,0.0
landscape_feat_1892,0.0
landscape_feat_1845,0.0
landscape_feat_1844,0.0
landscape_feat_1843,0.0
landscape_feat_1894,0.0
landscape_feat_1896,0.0
landscape_feat_1842,0.0
landscape_feat_1841,0.0
landscape_feat_1898,0.0
landscape_feat_1840,0.0
landscape_feat_1858,0.0
landscape_feat_1859,0.0
landscape_feat_1838,0.0
landscape_feat_1871,0.0
landscape_feat_1876,0.0
landscape_feat_1879,0.0
landscape_feat_1880,0.0
landscape_feat_1875,0.0
landscape_feat_1874,0.0
landscape_feat_1881,0.0
landscape_feat_1882,0.0
landscape_feat_1883,0.0
landscape_feat_1884,0.0
landscape_feat_1885,0.0
landscape_feat_1872,0.0
landscape_feat_1870,0.0
landscape_feat_1860,0.0
landscape_feat_1887,0.0
landscape_feat_1869,0.0
landscape_feat_1888,0.0
landscape_feat_1868,0.0
landscape_feat_1867,0.0
landscape_feat_1865,0.0
landscape_feat_1864,0.0
landscape_feat_1863,0.0
landscape_feat_1862,0.0
landscape_feat_1861,0.0
landscape_feat_1757,0.0
landscape_feat_1839,0.0
landscape_feat_1837,0.0
landscape_feat_1810,0.0
landscape_feat_1878,0.0
landscape_feat_1819,0.0
landscape_feat_1918,0.0
landscape_feat_1919,0.0
landscape_feat_1818,0.0
landscape_feat_1817,0.0
landscape_feat_1816,0.0
landscape_feat_1815,0.0
landscape_feat_1921,0.0
landscape_feat_1922,0.0
landscape_feat_1923,0.0
landscape_feat_1925,0.0
landscape_feat_1926,0.0
landscape_feat_1916,0.0
landscape_feat_1813,0.0
landscape_feat_1812,0.0
landscape_feat_1927,0.0
landscape_feat_1928,0.0
landscape_feat_1930,0.0
landscape_feat_1931,0.0
landscape_feat_1811,0.0
landscape_feat_1932,0.0
landscape_feat_1933,0.0
landscape_feat_1934,0.0
landscape_feat_1935,0.0
landscape_feat_1917,0.0
landscape_feat_1820,0.0
landscape_feat_1836,0.0
landscape_feat_1830,0.0
landscape_feat_1835,0.0
landscape_feat_1901,0.0
landscape_feat_1902,0.0
landscape_feat_1903,0.0
landscape_feat_1834,0.0
landscape_feat_1904,0.0
landscape_feat_1833,0.0
landscape_feat_1832,0.0
landscape_feat_1831,0.0
landscape_feat_1907,0.0
landscape_feat_1909,0.0
landscape_feat_1829,0.0
landscape_feat_1915,0.0
landscape_feat_1828,0.0
landscape_feat_1827,0.0
landscape_feat_1910,0.0
landscape_feat_1911,0.0
landscape_feat_1826,0.0
landscape_feat_1825,0.0
landscape_feat_1912,0.0
landscape_feat_1913,0.0
landscape_feat_1914,0.0
landscape_feat_1823,0.0
landscape_feat_1822,0.0
total_persistence_H0,0.0
landscape_feat_1693,0.0
landscape_feat_1756,0.0
landscape_feat_1497,0.0
landscape_feat_1490,0.0
landscape_feat_1491,0.0
landscape_feat_1492,0.0
landscape_feat_1493,0.0
landscape_feat_1494,0.0
landscape_feat_1495,0.0
landscape_feat_1496,0.0
landscape_feat_1498,0.0
landscape_feat_1509,0.0
landscape_feat_1499,0.0
landscape_feat_1500,0.0
landscape_feat_1501,0.0
landscape_feat_1502,0.0
landscape_feat_1503,0.0
landscape_feat_1504,0.0
landscape_feat_1506,0.0
landscape_feat_1489,0.0
landscape_feat_1488,0.0
landscape_feat_1487,0.0
landscape_feat_1486,0.0
landscape_feat_1471,0.0
landscape_feat_1472,0.0
landscape_feat_1473,0.0
landscape_feat_1474,0.0
landscape_feat_1475,0.0
landscape_feat_1476,0.0
landscape_feat_1477,0.0
landscape_feat_1478,0.0
landscape_feat_1479,0.0
landscape_feat_1480,0.0
landscape_feat_1481,0.0
landscape_feat_1482,0.0
landscape_feat_1483,0.0
landscape_feat_1484,0.0
landscape_feat_1485,0.0
landscape_feat_1508,0.0
landscape_feat_1511,0.0
landscape_feat_1559,0.0
landscape_feat_1548,0.0
landscape_feat_1539,0.0
landscape_feat_1541,0.0
landscape_feat_1542,0.0
landscape_feat_1543,0.0
landscape_feat_1545,0.0
landscape_feat_1546,0.0
landscape_feat_1547,0.0
landscape_feat_1549,0.0
landscape_feat_1512,0.0
landscape_feat_1550,0.0
landscape_feat_1552,0.0
landscape_feat_1553,0.0
landscape_feat_1554,0.0
landscape_feat_1555,0.0
landscape_feat_1556,0.0
landscape_feat_1557,0.0
landscape_feat_1538,0.0
landscape_feat_1537,0.0
landscape_feat_1535,0.0
landscape_feat_1534,0.0
landscape_feat_1513,0.0
landscape_feat_1515,0.0
landscape_feat_1516,0.0
landscape_feat_1519,0.0
landscape_feat_1520,0.0
landscape_feat_1522,0.0
landscape_feat_1523,0.0
landscape_feat_1525,0.0
landscape_feat_1526,0.0
landscape_feat_1528,0.0
landscape_feat_1529,0.0
landscape_feat_1530,0.0
landscape_feat_1531,0.0
landscape_feat_1532,0.0
landscape_feat_1533,0.0
landscape_feat_1470,0.0
landscape_feat_1469,0.0
landscape_feat_1468,0.0
landscape_feat_1420,0.0
landscape_feat_1413,0.0
landscape_feat_1414,0.0
landscape_feat_1415,0.0
landscape_feat_1416,0.0
landscape_feat_1417,0.0
landscape_feat_1418,0.0
landscape_feat_1419,0.0
landscape_feat_1421,0.0
landscape_feat_1467,0.0
landscape_feat_1422,0.0
landscape_feat_1423,0.0
landscape_feat_1424,0.0
landscape_feat_1425,0.0
landscape_feat_1426,0.0
landscape_feat_1427,0.0
landscape_feat_1428,0.0
landscape_feat_1412,0.0
landscape_feat_1411,0.0
landscape_feat_1410,0.0
landscape_feat_1409,0.0
landscape_feat_1394,0.0
landscape_feat_1395,0.0
landscape_feat_1396,0.0
landscape_feat_1397,0.0
landscape_feat_1398,0.0
landscape_feat_1399,0.0
landscape_feat_1400,0.0
landscape_feat_1401,0.0
landscape_feat_1402,0.0
landscape_feat_1403,0.0
landscape_feat_1404,0.0
landscape_feat_1405,0.0
landscape_feat_1406,0.0
landscape_feat_1407,0.0
landscape_feat_1408,0.0
landscape_feat_1429,0.0
landscape_feat_1430,0.0
landscape_feat_1431,0.0
landscape_feat_1450,0.0
landscape_feat_1452,0.0
landscape_feat_1453,0.0
landscape_feat_1454,0.0
landscape_feat_1455,0.0
landscape_feat_1456,0.0
landscape_feat_1457,0.0
landscape_feat_1458,0.0
landscape_feat_1459,0.0
landscape_feat_1460,0.0
landscape_feat_1461,0.0
landscape_feat_1462,0.0
landscape_feat_1463,0.0
landscape_feat_1464,0.0
landscape_feat_1465,0.0
landscape_feat_1466,0.0
landscape_feat_1451,0.0
landscape_feat_1449,0.0
landscape_feat_1432,0.0
landscape_feat_1448,0.0
landscape_feat_1433,0.0
landscape_feat_1434,0.0
landscape_feat_1435,0.0
landscape_feat_1436,0.0
landscape_feat_1437,0.0
landscape_feat_1438,0.0
landscape_feat_1439,0.0
landscape_feat_1440,0.0
landscape_feat_1441,0.0
landscape_feat_1442,0.0
landscape_feat_1443,0.0
landscape_feat_1444,0.0
landscape_feat_1445,0.0
landscape_feat_1446,0.0
landscape_feat_1447,0.0
landscape_feat_1558,0.0
landscape_feat_1561,0.0
landscape_feat_1755,0.0
landscape_feat_1691,0.0
landscape_feat_1684,0.0
landscape_feat_1685,0.0
landscape_feat_1686,0.0
landscape_feat_1687,0.0
landscape_feat_1688,0.0
landscape_feat_1689,0.0
landscape_feat_1690,0.0
landscape_feat_1696,0.0
landscape_feat_1710,0.0
landscape_feat_1697,0.0
landscape_feat_1698,0.0
landscape_feat_1700,0.0
landscape_feat_1702,0.0
landscape_feat_1703,0.0
landscape_feat_1704,0.0
landscape_feat_1705,0.0
landscape_feat_1682,0.0
landscape_feat_1680,0.0
landscape_feat_1678,0.0
landscape_feat_1677,0.0
landscape_feat_1660,0.0
landscape_feat_1661,0.0
landscape_feat_1662,0.0
landscape_feat_1663,0.0
landscape_feat_1665,0.0
landscape_feat_1666,0.0
landscape_feat_1667,0.0
landscape_feat_1668,0.0
landscape_feat_1669,0.0
landscape_feat_1670,0.0
landscape_feat_1671,0.0
landscape_feat_1673,0.0
landscape_feat_1674,0.0
landscape_feat_1675,0.0
landscape_feat_1676,0.0
landscape_feat_1708,0.0
landscape_feat_1711,0.0
landscape_feat_1562,0.0
landscape_feat_1745,0.0
landscape_feat_1738,0.0
landscape_feat_1739,0.0
landscape_feat_1740,0.0
landscape_feat_1741,0.0
landscape_feat_1742,0.0
landscape_feat_1743,0.0
landscape_feat_1744,0.0
landscape_feat_1746,0.0
landscape_feat_1713,0.0
landscape_feat_1747,0.0
landscape_feat_1748,0.0
landscape_feat_1749,0.0
landscape_feat_1750,0.0
landscape_feat_1751,0.0
landscape_feat_1752,0.0
landscape_feat_1754,0.0
landscape_feat_1737,0.0
landscape_feat_1736,0.0
landscape_feat_1735,0.0
landscape_feat_1734,0.0
landscape_feat_1714,0.0
landscape_feat_1715,0.0
landscape_feat_1716,0.0
landscape_feat_1717,0.0
landscape_feat_1718,0.0
landscape_feat_1719,0.0
landscape_feat_1720,0.0
landscape_feat_1722,0.0
landscape_feat_1723,0.0
landscape_feat_1726,0.0
landscape_feat_1727,0.0
landscape_feat_1728,0.0
landscape_feat_1729,0.0
landscape_feat_1730,0.0
landscape_feat_1732,0.0
landscape_feat_1658,0.0
landscape_feat_1657,0.0
landscape_feat_1656,0.0
landscape_feat_1592,0.0
landscape_feat_1584,0.0
landscape_feat_1585,0.0
landscape_feat_1586,0.0
landscape_feat_1587,0.0
landscape_feat_1588,0.0
landscape_feat_1589,0.0
landscape_feat_1590,0.0
landscape_feat_1593,0.0
landscape_feat_1653,0.0
landscape_feat_1594,0.0
landscape_feat_1595,0.0
landscape_feat_1598,0.0
landscape_feat_1599,0.0
landscape_feat_1601,0.0
landscape_feat_1602,0.0
landscape_feat_1603,0.0
landscape_feat_1583,0.0
landscape_feat_1582,0.0
landscape_feat_1581,0.0
landscape_feat_1580,0.0
landscape_feat_1563,0.0
landscape_feat_1564,0.0
landscape_feat_1566,0.0
landscape_feat_1567,0.0
landscape_feat_1568,0.0
landscape_feat_1569,0.0
landscape_feat_1570,0.0
landscape_feat_1571,0.0
landscape_feat_1572,0.0
landscape_feat_1573,0.0
landscape_feat_1574,0.0
landscape_feat_1575,0.0
landscape_feat_1577,0.0
landscape_feat_1578,0.0
landscape_feat_1579,0.0
landscape_feat_1604,0.0
landscape_feat_1605,0.0
landscape_feat_1606,0.0
landscape_feat_1633,0.0
landscape_feat_1636,0.0
landscape_feat_1638,0.0
landscape_feat_1639,0.0
landscape_feat_1640,0.0
landscape_feat_1641,0.0
landscape_feat_1642,0.0
landscape_feat_1643,0.0
landscape_feat_1645,0.0
landscape_feat_1646,0.0
landscape_feat_1647,0.0
landscape_feat_1648,0.0
landscape_feat_1649,0.0
landscape_feat_1650,0.0
landscape_feat_1651,0.0
landscape_feat_1652,0.0
landscape_feat_1635,0.0
landscape_feat_1632,0.0
landscape_feat_1607,0.0
landscape_feat_1631,0.0
landscape_feat_1609,0.0
landscape_feat_1610,0.0
landscape_feat_1613,0.0
landscape_feat_1614,0.0
landscape_feat_1615,0.0
landscape_feat_1617,0.0
landscape_feat_1618,0.0
landscape_feat_1619,0.0
landscape_feat_1620,0.0
landscape_feat_1622,0.0
landscape_feat_1625,0.0
landscape_feat_1627,0.0
landscape_feat_1628,0.0
landscape_feat_1629,0.0
landscape_feat_1630,0.0
landscape_feat_1985,0.0
landscape_feat_2061,0.0
landscape_feat_1986,0.0
landscape_feat_2467,0.0
landscape_feat_2459,0.0
landscape_feat_2461,0.0
landscape_feat_2462,0.0
landscape_feat_2463,0.0
landscape_feat_2464,0.0
landscape_feat_2465,0.0
landscape_feat_2466,0.0
landscape_feat_2468,0.0
landscape_feat_2477,0.0
landscape_feat_2469,0.0
landscape_feat_2470,0.0
landscape_feat_2471,0.0
landscape_feat_2472,0.0
landscape_feat_2473,0.0
landscape_feat_2474,0.0
landscape_feat_2475,0.0
landscape_feat_2458,0.0
landscape_feat_2457,0.0
landscape_feat_2456,0.0
landscape_feat_2455,0.0
landscape_feat_2440,0.0
landscape_feat_2441,0.0
landscape_feat_2442,0.0
landscape_feat_2443,0.0
landscape_feat_2444,0.0
landscape_feat_2445,0.0
landscape_feat_2446,0.0
landscape_feat_2447,0.0
landscape_feat_2448,0.0
landscape_feat_2449,0.0
landscape_feat_2450,0.0
landscape_feat_2451,0.0
landscape_feat_2452,0.0
landscape_feat_2453,0.0
landscape_feat_2454,0.0
landscape_feat_2476,0.0
landscape_feat_2478,0.0
landscape_feat_2525,0.0
landscape_feat_2511,0.0
landscape_feat_2503,0.0
landscape_feat_2504,0.0
landscape_feat_2505,0.0
landscape_feat_2507,0.0
landscape_feat_2508,0.0
landscape_feat_2509,0.0
landscape_feat_2510,0.0
landscape_feat_2514,0.0
landscape_feat_2479,0.0
landscape_feat_2516,0.0
landscape_feat_2517,0.0
landscape_feat_2519,0.0
landscape_feat_2520,0.0
landscape_feat_2521,0.0
landscape_feat_2522,0.0
landscape_feat_2523,0.0
landscape_feat_2502,0.0
landscape_feat_2500,0.0
landscape_feat_2498,0.0
landscape_feat_2497,0.0
landscape_feat_2481,0.0
landscape_feat_2482,0.0
landscape_feat_2483,0.0
landscape_feat_2484,0.0
landscape_feat_2485,0.0
landscape_feat_2486,0.0
landscape_feat_2488,0.0
landscape_feat_2489,0.0
landscape_feat_2490,0.0
landscape_feat_2491,0.0
landscape_feat_2492,0.0
landscape_feat_2493,0.0
landscape_feat_2494,0.0
landscape_feat_2495,0.0
landscape_feat_2496,0.0
landscape_feat_2439,0.0
landscape_feat_2438,0.0
landscape_feat_2437,0.0
landscape_feat_2381,0.0
landscape_feat_2373,0.0
landscape_feat_2374,0.0
landscape_feat_2375,0.0
landscape_feat_2376,0.0
landscape_feat_2377,0.0
landscape_feat_2378,0.0
landscape_feat_2380,0.0
landscape_feat_2382,0.0
landscape_feat_2435,0.0
landscape_feat_2383,0.0
landscape_feat_2384,0.0
landscape_feat_2385,0.0
landscape_feat_2386,0.0
landscape_feat_2387,0.0
landscape_feat_2388,0.0
landscape_feat_2389,0.0
landscape_feat_2372,0.0
landscape_feat_2371,0.0
landscape_feat_2370,0.0
landscape_feat_2369,0.0
landscape_feat_2352,0.0
landscape_feat_2353,0.0
landscape_feat_2354,0.0
landscape_feat_2355,0.0
landscape_feat_2356,0.0
landscape_feat_2357,0.0
landscape_feat_2359,0.0
landscape_feat_2360,0.0
landscape_feat_2361,0.0
landscape_feat_2362,0.0
landscape_feat_2363,0.0
landscape_feat_2364,0.0
landscape_feat_2365,0.0
landscape_feat_2366,0.0
landscape_feat_2368,0.0
landscape_feat_2390,0.0
landscape_feat_2391,0.0
landscape_feat_2392,0.0
landscape_feat_2416,0.0
landscape_feat_2419,0.0
landscape_feat_2420,0.0
landscape_feat_2421,0.0
landscape_feat_2422,0.0
landscape_feat_2423,0.0
landscape_feat_2424,0.0
landscape_feat_2426,0.0
landscape_feat_2427,0.0
landscape_feat_2428,0.0
landscape_feat_2429,0.0
landscape_feat_2430,0.0
landscape_feat_2431,0.0
landscape_feat_2432,0.0
landscape_feat_2433,0.0
landscape_feat_2434,0.0
landscape_feat_2417,0.0
landscape_feat_2415,0.0
landscape_feat_2394,0.0
landscape_feat_2414,0.0
landscape_feat_2395,0.0
landscape_feat_2396,0.0
landscape_feat_2397,0.0
landscape_feat_2398,0.0
landscape_feat_2399,0.0
landscape_feat_2400,0.0
landscape_feat_2401,0.0
landscape_feat_2402,0.0
landscape_feat_2403,0.0
landscape_feat_2404,0.0
landscape_feat_2405,0.0
landscape_feat_2406,0.0
landscape_feat_2407,0.0
landscape_feat_2410,0.0
landscape_feat_2412,0.0
landscape_feat_2524,0.0
landscape_feat_2526,0.0
landscape_feat_2350,0.0
landscape_feat_2646,0.0
landscape_feat_2639,0.0
landscape_feat_2640,0.0
landscape_feat_2641,0.0
landscape_feat_2642,0.0
landscape_feat_2643,0.0
landscape_feat_2644,0.0
landscape_feat_2645,0.0
landscape_feat_2647,0.0
landscape_feat_2657,0.0
landscape_feat_2648,0.0
landscape_feat_2649,0.0
landscape_feat_2650,0.0
landscape_feat_2652,0.0
landscape_feat_2653,0.0
landscape_feat_2654,0.0
landscape_feat_2655,0.0
landscape_feat_2638,0.0
landscape_feat_2636,0.0
landscape_feat_2635,0.0
landscape_feat_2634,0.0
landscape_feat_2616,0.0
landscape_feat_2617,0.0
landscape_feat_2618,0.0
landscape_feat_2619,0.0
landscape_feat_2620,0.0
landscape_feat_2621,0.0
landscape_feat_2623,0.0
landscape_feat_2625,0.0
landscape_feat_2626,0.0
landscape_feat_2627,0.0
landscape_feat_2629,0.0
landscape_feat_2630,0.0
landscape_feat_2631,0.0
landscape_feat_2632,0.0
landscape_feat_2633,0.0
landscape_feat_2656,0.0
landscape_feat_2658,0.0
landscape_feat_2527,0.0
landscape_feat_2688,0.0
landscape_feat_2680,0.0
landscape_feat_2681,0.0
landscape_feat_2682,0.0
landscape_feat_2684,0.0
landscape_feat_2685,0.0
landscape_feat_2686,0.0
landscape_feat_2687,0.0
landscape_feat_2689,0.0
landscape_feat_2659,0.0
landscape_feat_2690,0.0
landscape_feat_2691,0.0
landscape_feat_2692,0.0
landscape_feat_2694,0.0
landscape_feat_2695,0.0
landscape_feat_2696,0.0
landscape_feat_2697,0.0
landscape_feat_2679,0.0
landscape_feat_2677,0.0
landscape_feat_2676,0.0
landscape_feat_2675,0.0
landscape_feat_2660,0.0
landscape_feat_2661,0.0
landscape_feat_2662,0.0
landscape_feat_2663,0.0
landscape_feat_2664,0.0
landscape_feat_2665,0.0
landscape_feat_2666,0.0
landscape_feat_2667,0.0
landscape_feat_2668,0.0
landscape_feat_2669,0.0
landscape_feat_2670,0.0
landscape_feat_2671,0.0
landscape_feat_2672,0.0
landscape_feat_2673,0.0
landscape_feat_2674,0.0
landscape_feat_2615,0.0
landscape_feat_2614,0.0
landscape_feat_2613,0.0
landscape_feat_2557,0.0
landscape_feat_2548,0.0
landscape_feat_2550,0.0
landscape_feat_2551,0.0
landscape_feat_2553,0.0
landscape_feat_2554,0.0
landscape_feat_2555,0.0
landscape_feat_2556,0.0
landscape_feat_2558,0.0
landscape_feat_2612,0.0
landscape_feat_2559,0.0
landscape_feat_2562,0.0
landscape_feat_2563,0.0
landscape_feat_2564,0.0
landscape_feat_2565,0.0
landscape_feat_2566,0.0
landscape_feat_2567,0.0
landscape_feat_2547,0.0
landscape_feat_2546,0.0
landscape_feat_2545,0.0
landscape_feat_2544,0.0
landscape_feat_2528,0.0
landscape_feat_2529,0.0
landscape_feat_2530,0.0
landscape_feat_2531,0.0
landscape_feat_2532,0.0
landscape_feat_2533,0.0
landscape_feat_2534,0.0
landscape_feat_2535,0.0
landscape_feat_2536,0.0
landscape_feat_2538,0.0
landscape_feat_2539,0.0
landscape_feat_2540,0.0
landscape_feat_2541,0.0
landscape_feat_2542,0.0
landscape_feat_2543,0.0
landscape_feat_2568,0.0
landscape_feat_2569,0.0
landscape_feat_2570,0.0
landscape_feat_2594,0.0
landscape_feat_2596,0.0
landscape_feat_2598,0.0
landscape_feat_2599,0.0
landscape_feat_2600,0.0
landscape_feat_2601,0.0
landscape_feat_2602,0.0
landscape_feat_2603,0.0
landscape_feat_2604,0.0
landscape_feat_2605,0.0
landscape_feat_2606,0.0
landscape_feat_2607,0.0
landscape_feat_2608,0.0
landscape_feat_2609,0.0
landscape_feat_2610,0.0
landscape_feat_2611,0.0
landscape_feat_2595,0.0
landscape_feat_2593,0.0
landscape_feat_2572,0.0
landscape_feat_2592,0.0
landscape_feat_2573,0.0
landscape_feat_2574,0.0
landscape_feat_2575,0.0
landscape_feat_2576,0.0
landscape_feat_2577,0.0
landscape_feat_2578,0.0
landscape_feat_2579,0.0
landscape_feat_2580,0.0
landscape_feat_2581,0.0
landscape_feat_2582,0.0
landscape_feat_2583,0.0
landscape_feat_2584,0.0
landscape_feat_2586,0.0
landscape_feat_2589,0.0
landscape_feat_2591,0.0
landscape_feat_2351,0.0
landscape_feat_2349,0.0
landscape_feat_1987,0.0
landscape_feat_2114,0.0
landscape_feat_2104,0.0
landscape_feat_2106,0.0
landscape_feat_2107,0.0
landscape_feat_2110,0.0
landscape_feat_2111,0.0
landscape_feat_2112,0.0
landscape_feat_2113,0.0
landscape_feat_2115,0.0
landscape_feat_2124,0.0
landscape_feat_2116,0.0
landscape_feat_2117,0.0
landscape_feat_2118,0.0
landscape_feat_2119,0.0
landscape_feat_2120,0.0
landscape_feat_2121,0.0
landscape_feat_2122,0.0
landscape_feat_2103,0.0
landscape_feat_2102,0.0
landscape_feat_2101,0.0
landscape_feat_2100,0.0
landscape_feat_2084,0.0
landscape_feat_2085,0.0
landscape_feat_2086,0.0
landscape_feat_2088,0.0
landscape_feat_2089,0.0
landscape_feat_2090,0.0
landscape_feat_2091,0.0
landscape_feat_2092,0.0
landscape_feat_2093,0.0
landscape_feat_2094,0.0
landscape_feat_2095,0.0
landscape_feat_2096,0.0
landscape_feat_2097,0.0
landscape_feat_2098,0.0
landscape_feat_2099,0.0
landscape_feat_2123,0.0
landscape_feat_2125,0.0
landscape_feat_2166,0.0
landscape_feat_2155,0.0
landscape_feat_2148,0.0
landscape_feat_2149,0.0
landscape_feat_2150,0.0
landscape_feat_2151,0.0
landscape_feat_2152,0.0
landscape_feat_2153,0.0
landscape_feat_2154,0.0
landscape_feat_2156,0.0
landscape_feat_2126,0.0
landscape_feat_2157,0.0
landscape_feat_2158,0.0
landscape_feat_2160,0.0
landscape_feat_2161,0.0
landscape_feat_2162,0.0
landscape_feat_2163,0.0
landscape_feat_2164,0.0
landscape_feat_2147,0.0
landscape_feat_2146,0.0
landscape_feat_2145,0.0
landscape_feat_2144,0.0
landscape_feat_2129,0.0
landscape_feat_2130,0.0
landscape_feat_2131,0.0
landscape_feat_2132,0.0
landscape_feat_2133,0.0
landscape_feat_2134,0.0
landscape_feat_2135,0.0
landscape_feat_2136,0.0
landscape_feat_2137,0.0
landscape_feat_2138,0.0
landscape_feat_2139,0.0
landscape_feat_2140,0.0
landscape_feat_2141,0.0
landscape_feat_2142,0.0
landscape_feat_2143,0.0
landscape_feat_2083,0.0
landscape_feat_2081,0.0
landscape_feat_2080,0.0
landscape_feat_2021,0.0
landscape_feat_2012,0.0
landscape_feat_2014,0.0
landscape_feat_2015,0.0
landscape_feat_2016,0.0
landscape_feat_2017,0.0
landscape_feat_2018,0.0
landscape_feat_2020,0.0
landscape_feat_2022,0.0
landscape_feat_2079,0.0
landscape_feat_2023,0.0
landscape_feat_2024,0.0
landscape_feat_2025,0.0
landscape_feat_2029,0.0
landscape_feat_2030,0.0
landscape_feat_2031,0.0
landscape_feat_2032,0.0
landscape_feat_2011,0.0
landscape_feat_2010,0.0
landscape_feat_2009,0.0
landscape_feat_2008,0.0
landscape_feat_1989,0.0
landscape_feat_1990,0.0
landscape_feat_1991,0.0
landscape_feat_1992,0.0
landscape_feat_1993,0.0
landscape_feat_1995,0.0
landscape_feat_1997,0.0
landscape_feat_1999,0.0
landscape_feat_2000,0.0
landscape_feat_2001,0.0
landscape_feat_2002,0.0
landscape_feat_2003,0.0
landscape_feat_2004,0.0
landscape_feat_2005,0.0
landscape_feat_2007,0.0
landscape_feat_2033,0.0
landscape_feat_2034,0.0
landscape_feat_2035,0.0
landscape_feat_2057,0.0
landscape_feat_2059,0.0
landscape_feat_2060,0.0
landscape_feat_1392,0.0
landscape_feat_2062,0.0
landscape_feat_2063,0.0
landscape_feat_2064,0.0
landscape_feat_2065,0.0
landscape_feat_2066,0.0
landscape_feat_2069,0.0
landscape_feat_2071,0.0
landscape_feat_2072,0.0
landscape_feat_2074,0.0
landscape_feat_2076,0.0
landscape_feat_2077,0.0
landscape_feat_2078,0.0
landscape_feat_2058,0.0
landscape_feat_2056,0.0
landscape_feat_2036,0.0
landscape_feat_2055,0.0
landscape_feat_2037,0.0
landscape_feat_2039,0.0
landscape_feat_2040,0.0
landscape_feat_2041,0.0
landscape_feat_2042,0.0
landscape_feat_2044,0.0
landscape_feat_2045,0.0
landscape_feat_2046,0.0
landscape_feat_2048,0.0
landscape_feat_2049,0.0
landscape_feat_2050,0.0
landscape_feat_2051,0.0
landscape_feat_2052,0.0
landscape_feat_2053,0.0
landscape_feat_2054,0.0
landscape_feat_2165,0.0
landscape_feat_2167,0.0
landscape_feat_2348,0.0
landscape_feat_2297,0.0
landscape_feat_2289,0.0
landscape_feat_2290,0.0
landscape_feat_2291,0.0
landscape_feat_2292,0.0
landscape_feat_2293,0.0
landscape_feat_2294,0.0
landscape_feat_2296,0.0
landscape_feat_2298,0.0
landscape_feat_2308,0.0
landscape_feat_2299,0.0
landscape_feat_2301,0.0
landscape_feat_2302,0.0
landscape_feat_2303,0.0
landscape_feat_2304,0.0
landscape_feat_2305,0.0
landscape_feat_2306,0.0
landscape_feat_2288,0.0
landscape_feat_2287,0.0
landscape_feat_2286,0.0
landscape_feat_2284,0.0
landscape_feat_2266,0.0
landscape_feat_2267,0.0
landscape_feat_2268,0.0
landscape_feat_2269,0.0
landscape_feat_2270,0.0
landscape_feat_2271,0.0
landscape_feat_2273,0.0
landscape_feat_2274,0.0
landscape_feat_2275,0.0
landscape_feat_2276,0.0
landscape_feat_2278,0.0
landscape_feat_2279,0.0
landscape_feat_2280,0.0
landscape_feat_2282,0.0
landscape_feat_2283,0.0
landscape_feat_2307,0.0
landscape_feat_2309,0.0
landscape_feat_2169,0.0
landscape_feat_2337,0.0
landscape_feat_2330,0.0
landscape_feat_2331,0.0
landscape_feat_2332,0.0
landscape_feat_2333,0.0
landscape_feat_2334,0.0
landscape_feat_2335,0.0
landscape_feat_2336,0.0
landscape_feat_2338,0.0
landscape_feat_2310,0.0
landscape_feat_2339,0.0
landscape_feat_2340,0.0
landscape_feat_2342,0.0
landscape_feat_2343,0.0
landscape_feat_2344,0.0
landscape_feat_2345,0.0
landscape_feat_2347,0.0
landscape_feat_2329,0.0
landscape_feat_2328,0.0
landscape_feat_2327,0.0
landscape_feat_2326,0.0
landscape_feat_2311,0.0
landscape_feat_2312,0.0
landscape_feat_2313,0.0
landscape_feat_2314,0.0
landscape_feat_2315,0.0
landscape_feat_2316,0.0
landscape_feat_2317,0.0
landscape_feat_2318,0.0
landscape_feat_2319,0.0
landscape_feat_2320,0.0
landscape_feat_2321,0.0
landscape_feat_2322,0.0
landscape_feat_2323,0.0
landscape_feat_2324,0.0
landscape_feat_2325,0.0
landscape_feat_2264,0.0
landscape_feat_2263,0.0
landscape_feat_2262,0.0
landscape_feat_2203,0.0
landscape_feat_2192,0.0
landscape_feat_2193,0.0
landscape_feat_2194,0.0
landscape_feat_2195,0.0
landscape_feat_2197,0.0
landscape_feat_2199,0.0
landscape_feat_2201,0.0
landscape_feat_2205,0.0
landscape_feat_2261,0.0
landscape_feat_2206,0.0
landscape_feat_2208,0.0
landscape_feat_2210,0.0
landscape_feat_2211,0.0
landscape_feat_2212,0.0
landscape_feat_2213,0.0
landscape_feat_2214,0.0
landscape_feat_2190,0.0
landscape_feat_2189,0.0
landscape_feat_2188,0.0
landscape_feat_2187,0.0
landscape_feat_2170,0.0
landscape_feat_2171,0.0
landscape_feat_2172,0.0
landscape_feat_2174,0.0
landscape_feat_2175,0.0
landscape_feat_2176,0.0
landscape_feat_2177,0.0
landscape_feat_2178,0.0
landscape_feat_2179,0.0
landscape_feat_2180,0.0
landscape_feat_2181,0.0
landscape_feat_2182,0.0
landscape_feat_2183,0.0
landscape_feat_2184,0.0
landscape_feat_2185,0.0
landscape_feat_2215,0.0
landscape_feat_2216,0.0
landscape_feat_2217,0.0
landscape_feat_2239,0.0
landscape_feat_2241,0.0
landscape_feat_2242,0.0
landscape_feat_2245,0.0
landscape_feat_2246,0.0
landscape_feat_2248,0.0
landscape_feat_2249,0.0
landscape_feat_2250,0.0
landscape_feat_2251,0.0
landscape_feat_2252,0.0
landscape_feat_2253,0.0
landscape_feat_2254,0.0
landscape_feat_2255,0.0
landscape_feat_2256,0.0
landscape_feat_2259,0.0
landscape_feat_2260,0.0
landscape_feat_2240,0.0
landscape_feat_2238,0.0
landscape_feat_2218,0.0
landscape_feat_2237,0.0
landscape_feat_2220,0.0
landscape_feat_2221,0.0
landscape_feat_2223,0.0
landscape_feat_2224,0.0
landscape_feat_2225,0.0
landscape_feat_2226,0.0
landscape_feat_2227,0.0
landscape_feat_2228,0.0
landscape_feat_2229,0.0
landscape_feat_2230,0.0
landscape_feat_2231,0.0
landscape_feat_2233,0.0
landscape_feat_2234,0.0
landscape_feat_2235,0.0
landscape_feat_2236,0.0
landscape_feat_1393,0.0
landscape_feat_1347,0.0
landscape_feat_1391,0.0
landscape_feat_474,0.0
landscape_feat_456,0.0
landscape_feat_457,0.0
landscape_feat_458,0.0
landscape_feat_459,0.0
landscape_feat_460,0.0
landscape_feat_461,0.0
landscape_feat_462,0.0
landscape_feat_463,0.0
landscape_feat_464,0.0
landscape_feat_465,0.0
landscape_feat_466,0.0
landscape_feat_467,0.0
landscape_feat_468,0.0
landscape_feat_469,0.0
landscape_feat_470,0.0
landscape_feat_471,0.0
landscape_feat_472,0.0
landscape_feat_455,0.0
landscape_feat_454,0.0
landscape_feat_453,0.0
landscape_feat_443,0.0
landscape_feat_436,0.0
landscape_feat_437,0.0
landscape_feat_438,0.0
landscape_feat_439,0.0
landscape_feat_440,0.0
landscape_feat_441,0.0
landscape_feat_442,0.0
landscape_feat_444,0.0
landscape_feat_452,0.0
landscape_feat_445,0.0
landscape_feat_446,0.0
landscape_feat_447,0.0
landscape_feat_448,0.0
landscape_feat_449,0.0
landscape_feat_450,0.0
landscape_feat_451,0.0
landscape_feat_473,0.0
landscape_feat_475,0.0
landscape_feat_434,0.0
landscape_feat_476,0.0
landscape_feat_497,0.0
landscape_feat_498,0.0
landscape_feat_499,0.0
landscape_feat_500,0.0
landscape_feat_501,0.0
landscape_feat_502,0.0
landscape_feat_503,0.0
landscape_feat_504,0.0
landscape_feat_505,0.0
landscape_feat_506,0.0
landscape_feat_507,0.0
landscape_feat_508,0.0
landscape_feat_509,0.0
landscape_feat_510,0.0
landscape_feat_511,0.0
landscape_feat_512,0.0
landscape_feat_514,0.0
landscape_feat_496,0.0
landscape_feat_495,0.0
landscape_feat_494,0.0
landscape_feat_484,0.0
landscape_feat_477,0.0
landscape_feat_478,0.0
landscape_feat_479,0.0
landscape_feat_480,0.0
landscape_feat_481,0.0
landscape_feat_482,0.0
landscape_feat_483,0.0
landscape_feat_485,0.0
landscape_feat_493,0.0
landscape_feat_486,0.0
landscape_feat_487,0.0
landscape_feat_488,0.0
landscape_feat_489,0.0
landscape_feat_490,0.0
landscape_feat_491,0.0
landscape_feat_492,0.0
landscape_feat_435,0.0
landscape_feat_433,0.0
landscape_feat_516,0.0
landscape_feat_392,0.0
landscape_feat_374,0.0
landscape_feat_375,0.0
landscape_feat_376,0.0
landscape_feat_377,0.0
landscape_feat_378,0.0
landscape_feat_379,0.0
landscape_feat_380,0.0
landscape_feat_381,0.0
landscape_feat_382,0.0
landscape_feat_383,0.0
landscape_feat_384,0.0
landscape_feat_385,0.0
landscape_feat_386,0.0
landscape_feat_387,0.0
landscape_feat_388,0.0
landscape_feat_389,0.0
landscape_feat_390,0.0
landscape_feat_373,0.0
landscape_feat_372,0.0
landscape_feat_371,0.0
landscape_feat_361,0.0
landscape_feat_354,0.0
landscape_feat_355,0.0
landscape_feat_356,0.0
landscape_feat_357,0.0
landscape_feat_358,0.0
landscape_feat_359,0.0
landscape_feat_360,0.0
landscape_feat_362,0.0
landscape_feat_370,0.0
landscape_feat_363,0.0
landscape_feat_364,0.0
landscape_feat_365,0.0
landscape_feat_366,0.0
landscape_feat_367,0.0
landscape_feat_368,0.0
landscape_feat_369,0.0
landscape_feat_391,0.0
landscape_feat_393,0.0
landscape_feat_432,0.0
landscape_feat_394,0.0
landscape_feat_415,0.0
landscape_feat_416,0.0
landscape_feat_417,0.0
landscape_feat_418,0.0
landscape_feat_419,0.0
landscape_feat_420,0.0
landscape_feat_421,0.0
landscape_feat_422,0.0
landscape_feat_423,0.0
landscape_feat_424,0.0
landscape_feat_425,0.0
landscape_feat_426,0.0
landscape_feat_427,0.0
landscape_feat_428,0.0
landscape_feat_429,0.0
landscape_feat_430,0.0
landscape_feat_431,0.0
landscape_feat_414,0.0
landscape_feat_413,0.0
landscape_feat_412,0.0
landscape_feat_402,0.0
landscape_feat_395,0.0
landscape_feat_396,0.0
landscape_feat_397,0.0
landscape_feat_398,0.0
landscape_feat_399,0.0
landscape_feat_400,0.0
landscape_feat_401,0.0
landscape_feat_403,0.0
landscape_feat_411,0.0
landscape_feat_404,0.0
landscape_feat_405,0.0
landscape_feat_406,0.0
landscape_feat_407,0.0
landscape_feat_408,0.0
landscape_feat_409,0.0
landscape_feat_410,0.0
landscape_feat_515,0.0
landscape_feat_517,0.0
landscape_feat_1390,0.0
landscape_feat_662,0.0
landscape_feat_641,0.0
landscape_feat_642,0.0
landscape_feat_643,0.0
landscape_feat_644,0.0
landscape_feat_646,0.0
landscape_feat_647,0.0
landscape_feat_648,0.0
landscape_feat_649,0.0
landscape_feat_650,0.0
landscape_feat_651,0.0
landscape_feat_653,0.0
landscape_feat_655,0.0
landscape_feat_656,0.0
landscape_feat_657,0.0
landscape_feat_658,0.0
landscape_feat_659,0.0
landscape_feat_660,0.0
landscape_feat_640,0.0
landscape_feat_639,0.0
landscape_feat_638,0.0
landscape_feat_627,0.0
landscape_feat_620,0.0
landscape_feat_621,0.0
landscape_feat_622,0.0
landscape_feat_623,0.0
landscape_feat_624,0.0
landscape_feat_625,0.0
landscape_feat_626,0.0
landscape_feat_628,0.0
landscape_feat_637,0.0
landscape_feat_629,0.0
landscape_feat_630,0.0
landscape_feat_631,0.0
landscape_feat_632,0.0
landscape_feat_633,0.0
landscape_feat_634,0.0
landscape_feat_635,0.0
landscape_feat_661,0.0
landscape_feat_663,0.0
landscape_feat_618,0.0
landscape_feat_664,0.0
landscape_feat_689,0.0
landscape_feat_690,0.0
landscape_feat_691,0.0
landscape_feat_692,0.0
landscape_feat_693,0.0
landscape_feat_694,0.0
landscape_feat_695,0.0
landscape_feat_696,0.0
landscape_feat_697,0.0
landscape_feat_698,0.0
landscape_feat_699,0.0
landscape_feat_700,0.0
landscape_feat_701,0.0
landscape_feat_702,0.0
landscape_feat_703,0.0
landscape_feat_704,0.0
landscape_feat_705,0.0
landscape_feat_688,0.0
landscape_feat_687,0.0
landscape_feat_686,0.0
landscape_feat_675,0.0
landscape_feat_665,0.0
landscape_feat_666,0.0
landscape_feat_670,0.0
landscape_feat_671,0.0
landscape_feat_672,0.0
landscape_feat_673,0.0
landscape_feat_674,0.0
landscape_feat_676,0.0
landscape_feat_685,0.0
landscape_feat_677,0.0
landscape_feat_678,0.0
landscape_feat_679,0.0
landscape_feat_680,0.0
landscape_feat_681,0.0
landscape_feat_682,0.0
landscape_feat_684,0.0
landscape_feat_619,0.0
landscape_feat_617,0.0
landscape_feat_518,0.0
landscape_feat_574,0.0
landscape_feat_550,0.0
landscape_feat_552,0.0
landscape_feat_553,0.0
landscape_feat_555,0.0
landscape_feat_556,0.0
landscape_feat_558,0.0
landscape_feat_560,0.0
landscape_feat_561,0.0
landscape_feat_563,0.0
landscape_feat_564,0.0
landscape_feat_566,0.0
landscape_feat_567,0.0
landscape_feat_568,0.0
landscape_feat_569,0.0
landscape_feat_570,0.0
landscape_feat_571,0.0
landscape_feat_572,0.0
landscape_feat_549,0.0
landscape_feat_548,0.0
landscape_feat_546,0.0
landscape_feat_527,0.0
landscape_feat_519,0.0
landscape_feat_520,0.0
landscape_feat_521,0.0
landscape_feat_523,0.0
landscape_feat_524,0.0
landscape_feat_525,0.0
landscape_feat_526,0.0
landscape_feat_528,0.0
landscape_feat_541,0.0
landscape_feat_529,0.0
landscape_feat_530,0.0
landscape_feat_531,0.0
landscape_feat_534,0.0
landscape_feat_538,0.0
landscape_feat_539,0.0
landscape_feat_540,0.0
landscape_feat_573,0.0
landscape_feat_575,0.0
landscape_feat_616,0.0
landscape_feat_577,0.0
landscape_feat_599,0.0
landscape_feat_600,0.0
landscape_feat_601,0.0
landscape_feat_602,0.0
landscape_feat_603,0.0
landscape_feat_604,0.0
landscape_feat_605,0.0
landscape_feat_606,0.0
landscape_feat_607,0.0
landscape_feat_608,0.0
landscape_feat_609,0.0
landscape_feat_610,0.0
landscape_feat_611,0.0
landscape_feat_612,0.0
landscape_feat_613,0.0
landscape_feat_614,0.0
landscape_feat_615,0.0
landscape_feat_598,0.0
landscape_feat_597,0.0
landscape_feat_595,0.0
landscape_feat_585,0.0
landscape_feat_578,0.0
landscape_feat_579,0.0
landscape_feat_580,0.0
landscape_feat_581,0.0
landscape_feat_582,0.0
landscape_feat_583,0.0
landscape_feat_584,0.0
landscape_feat_586,0.0
landscape_feat_594,0.0
landscape_feat_587,0.0
landscape_feat_588,0.0
landscape_feat_589,0.0
landscape_feat_590,0.0
landscape_feat_591,0.0
landscape_feat_592,0.0
landscape_feat_593,0.0
landscape_feat_353,0.0
landscape_feat_352,0.0
landscape_feat_351,0.0
landscape_feat_130,0.0
landscape_feat_111,0.0
landscape_feat_112,0.0
landscape_feat_113,0.0
landscape_feat_114,0.0
landscape_feat_115,0.0
landscape_feat_116,0.0
landscape_feat_117,0.0
landscape_feat_118,0.0
landscape_feat_119,0.0
landscape_feat_120,0.0
landscape_feat_121,0.0
landscape_feat_122,0.0
landscape_feat_123,0.0
landscape_feat_124,0.0
landscape_feat_126,0.0
landscape_feat_127,0.0
landscape_feat_128,0.0
landscape_feat_110,0.0
landscape_feat_109,0.0
landscape_feat_108,0.0
landscape_feat_98,0.0
landscape_feat_91,0.0
landscape_feat_92,0.0
landscape_feat_93,0.0
landscape_feat_94,0.0
landscape_feat_95,0.0
landscape_feat_96,0.0
landscape_feat_97,0.0
landscape_feat_99,0.0
landscape_feat_107,0.0
landscape_feat_100,0.0
landscape_feat_101,0.0
landscape_feat_102,0.0
landscape_feat_103,0.0
landscape_feat_104,0.0
landscape_feat_105,0.0
landscape_feat_106,0.0
landscape_feat_129,0.0
landscape_feat_131,0.0
landscape_feat_89,0.0
landscape_feat_132,0.0
landscape_feat_155,0.0
landscape_feat_156,0.0
landscape_feat_157,0.0
landscape_feat_158,0.0
landscape_feat_159,0.0
landscape_feat_160,0.0
landscape_feat_161,0.0
landscape_feat_162,0.0
landscape_feat_163,0.0
landscape_feat_165,0.0
landscape_feat_166,0.0
landscape_feat_167,0.0
landscape_feat_170,0.0
landscape_feat_171,0.0
landscape_feat_172,0.0
landscape_feat_173,0.0
landscape_feat_174,0.0
landscape_feat_154,0.0
landscape_feat_153,0.0
landscape_feat_152,0.0
landscape_feat_141,0.0
landscape_feat_133,0.0
landscape_feat_134,0.0
landscape_feat_135,0.0
landscape_feat_136,0.0
landscape_feat_137,0.0
landscape_feat_139,0.0
landscape_feat_140,0.0
landscape_feat_142,0.0
landscape_feat_151,0.0
landscape_feat_143,0.0
landscape_feat_144,0.0
landscape_feat_145,0.0
landscape_feat_146,0.0
landscape_feat_148,0.0
landscape_feat_149,0.0
landscape_feat_150,0.0
landscape_feat_90,0.0
landscape_feat_88,0.0
landscape_feat_350,0.0
landscape_feat_34,0.0
landscape_feat_16,0.0
landscape_feat_17,0.0
landscape_feat_18,0.0
landscape_feat_19,0.0
landscape_feat_20,0.0
landscape_feat_21,0.0
landscape_feat_22,0.0
landscape_feat_23,0.0
landscape_feat_24,0.0
landscape_feat_25,0.0
landscape_feat_26,0.0
landscape_feat_27,0.0
landscape_feat_28,0.0
landscape_feat_29,0.0
landscape_feat_30,0.0
landscape_feat_31,0.0
landscape_feat_32,0.0
landscape_feat_15,0.0
landscape_feat_14,0.0
landscape_feat_13,0.0
landscape_feat_3,0.0
total_persistence_H2,0.0
entropy_H0,0.0
entropy_H1,0.0
entropy_H2,0.0
landscape_feat_0,0.0
landscape_feat_1,0.0
landscape_feat_2,0.0
landscape_feat_4,0.0
landscape_feat_12,0.0
landscape_feat_5,0.0
landscape_feat_6,0.0
landscape_feat_7,0.0
landscape_feat_8,0.0
landscape_feat_9,0.0
landscape_feat_10,0.0
landscape_feat_11,0.0
landscape_feat_33,0.0
landscape_feat_35,0.0
landscape_feat_86,0.0
landscape_feat_36,0.0
landscape_feat_66,0.0
landscape_feat_69,0.0
landscape_feat_70,0.0
landscape_feat_71,0.0
landscape_feat_72,0.0
landscape_feat_73,0.0
landscape_feat_75,0.0
landscape_feat_76,0.0
landscape_feat_77,0.0
landscape_feat_78,0.0
landscape_feat_79,0.0
landscape_feat_80,0.0
landscape_feat_81,0.0
landscape_feat_82,0.0
landscape_feat_83,0.0
landscape_feat_84,0.0
landscape_feat_85,0.0
landscape_feat_65,0.0
landscape_feat_64,0.0
landscape_feat_61,0.0
landscape_feat_48,0.0
landscape_feat_37,0.0
landscape_feat_38,0.0
landscape_feat_39,0.0
landscape_feat_40,0.0
landscape_feat_41,0.0
landscape_feat_43,0.0
landscape_feat_44,0.0
landscape_feat_49,0.0
landscape_feat_60,0.0
landscape_feat_52,0.0
landscape_feat_53,0.0
landscape_feat_54,0.0
landscape_feat_55,0.0
landscape_feat_57,0.0
landscape_feat_58,0.0
landscape_feat_59,0.0
landscape_feat_175,0.0
landscape_feat_176,0.0
landscape_feat_178,0.0
landscape_feat_307,0.0
landscape_feat_289,0.0
landscape_feat_290,0.0
landscape_feat_291,0.0
landscape_feat_292,0.0
landscape_feat_293,0.0
landscape_feat_294,0.0
landscape_feat_295,0.0
landscape_feat_296,0.0
landscape_feat_297,0.0
landscape_feat_298,0.0
landscape_feat_299,0.0
landscape_feat_300,0.0
landscape_feat_301,0.0
landscape_feat_302,0.0
landscape_feat_303,0.0
landscape_feat_304,0.0
landscape_feat_305,0.0
landscape_feat_288,0.0
landscape_feat_287,0.0
landscape_feat_286,0.0
landscape_feat_276,0.0
landscape_feat_268,0.0
landscape_feat_269,0.0
landscape_feat_270,0.0
landscape_feat_271,0.0
landscape_feat_272,0.0
landscape_feat_273,0.0
landscape_feat_275,0.0
landscape_feat_277,0.0
landscape_feat_285,0.0
landscape_feat_278,0.0
landscape_feat_279,0.0
landscape_feat_280,0.0
landscape_feat_281,0.0
landscape_feat_282,0.0
landscape_feat_283,0.0
landscape_feat_284,0.0
landscape_feat_306,0.0
landscape_feat_308,0.0
landscape_feat_179,0.0
landscape_feat_309,0.0
landscape_feat_331,0.0
landscape_feat_332,0.0
landscape_feat_334,0.0
landscape_feat_335,0.0
landscape_feat_336,0.0
landscape_feat_337,0.0
landscape_feat_338,0.0
landscape_feat_339,0.0
landscape_feat_340,0.0
landscape_feat_341,0.0
landscape_feat_342,0.0
landscape_feat_343,0.0
landscape_feat_344,0.0
landscape_feat_345,0.0
landscape_feat_346,0.0
landscape_feat_348,0.0
landscape_feat_349,0.0
landscape_feat_330,0.0
landscape_feat_329,0.0
landscape_feat_328,0.0
landscape_feat_317,0.0
landscape_feat_310,0.0
landscape_feat_311,0.0
landscape_feat_312,0.0
landscape_feat_313,0.0
landscape_feat_314,0.0
landscape_feat_315,0.0
landscape_feat_316,0.0
landscape_feat_318,0.0
landscape_feat_327,0.0
landscape_feat_319,0.0
landscape_feat_320,0.0
landscape_feat_321,0.0
landscape_feat_323,0.0
landscape_feat_324,0.0
landscape_feat_325,0.0
landscape_feat_326,0.0
landscape_feat_267,0.0
landscape_feat_266,0.0
landscape_feat_265,0.0
landscape_feat_264,0.0
landscape_feat_202,0.0
landscape_feat_203,0.0
landscape_feat_204,0.0
landscape_feat_205,0.0
landscape_feat_206,0.0
landscape_feat_207,0.0
landscape_feat_208,0.0
landscape_feat_209,0.0
landscape_feat_210,0.0
landscape_feat_211,0.0
landscape_feat_212,0.0
landscape_feat_213,0.0
landscape_feat_214,0.0
landscape_feat_215,0.0
landscape_feat_216,0.0
landscape_feat_217,0.0
landscape_feat_218,0.0
landscape_feat_201,0.0
landscape_feat_200,0.0
landscape_feat_199,0.0
landscape_feat_189,0.0
landscape_feat_182,0.0
landscape_feat_183,0.0
landscape_feat_184,0.0
landscape_feat_185,0.0
landscape_feat_186,0.0
landscape_feat_187,0.0
landscape_feat_188,0.0
landscape_feat_190,0.0
landscape_feat_198,0.0
landscape_feat_191,0.0
landscape_feat_192,0.0
landscape_feat_193,0.0
landscape_feat_194,0.0
landscape_feat_195,0.0
landscape_feat_196,0.0
landscape_feat_197,0.0
landscape_feat_219,0.0
landscape_feat_220,0.0
landscape_feat_221,0.0
landscape_feat_254,0.0
landscape_feat_246,0.0
landscape_feat_247,0.0
landscape_feat_248,0.0
landscape_feat_249,0.0
landscape_feat_250,0.0
landscape_feat_251,0.0
landscape_feat_252,0.0
landscape_feat_255,0.0
landscape_feat_244,0.0
landscape_feat_256,0.0
landscape_feat_257,0.0
landscape_feat_258,0.0
landscape_feat_259,0.0
landscape_feat_260,0.0
landscape_feat_261,0.0
landscape_feat_263,0.0
landscape_feat_245,0.0
landscape_feat_242,0.0
landscape_feat_222,0.0
landscape_feat_231,0.0
landscape_feat_223,0.0
landscape_feat_224,0.0
landscape_feat_225,0.0
landscape_feat_226,0.0
landscape_feat_228,0.0
landscape_feat_229,0.0
landscape_feat_230,0.0
landscape_feat_232,0.0
landscape_feat_241,0.0
landscape_feat_233,0.0
landscape_feat_234,0.0
landscape_feat_235,0.0
landscape_feat_236,0.0
landscape_feat_237,0.0
landscape_feat_239,0.0
landscape_feat_240,0.0
landscape_feat_706,0.0
landscape_feat_707,0.0
landscape_feat_708,0.0
landscape_feat_1184,0.0
landscape_feat_1162,0.0
landscape_feat_1163,0.0
landscape_feat_1165,0.0
landscape_feat_1166,0.0
landscape_feat_1167,0.0
landscape_feat_1170,0.0
landscape_feat_1171,0.0
landscape_feat_1173,0.0
landscape_feat_1174,0.0
landscape_feat_1175,0.0
landscape_feat_1176,0.0
landscape_feat_1177,0.0
landscape_feat_1178,0.0
landscape_feat_1179,0.0
landscape_feat_1180,0.0
landscape_feat_1181,0.0
landscape_feat_1182,0.0
landscape_feat_1161,0.0
landscape_feat_1160,0.0
landscape_feat_1159,0.0
landscape_feat_1149,0.0
landscape_feat_1142,0.0
landscape_feat_1143,0.0
landscape_feat_1144,0.0
landscape_feat_1145,0.0
landscape_feat_1146,0.0
landscape_feat_1147,0.0
landscape_feat_1148,0.0
landscape_feat_1150,0.0
landscape_feat_1158,0.0
landscape_feat_1151,0.0
landscape_feat_1152,0.0
landscape_feat_1153,0.0
landscape_feat_1154,0.0
landscape_feat_1155,0.0
landscape_feat_1156,0.0
landscape_feat_1157,0.0
landscape_feat_1183,0.0
landscape_feat_1185,0.0
landscape_feat_1140,0.0
landscape_feat_1186,0.0
landscape_feat_1208,0.0
landscape_feat_1209,0.0
landscape_feat_1210,0.0
landscape_feat_1211,0.0
landscape_feat_1212,0.0
landscape_feat_1213,0.0
landscape_feat_1214,0.0
landscape_feat_1215,0.0
landscape_feat_1216,0.0
landscape_feat_1217,0.0
landscape_feat_1218,0.0
landscape_feat_1219,0.0
landscape_feat_1220,0.0
landscape_feat_1221,0.0
landscape_feat_1222,0.0
landscape_feat_1223,0.0
landscape_feat_1224,0.0
landscape_feat_1207,0.0
landscape_feat_1206,0.0
landscape_feat_1205,0.0
landscape_feat_1195,0.0
landscape_feat_1187,0.0
landscape_feat_1188,0.0
landscape_feat_1190,0.0
landscape_feat_1191,0.0
landscape_feat_1192,0.0
landscape_feat_1193,0.0
landscape_feat_1194,0.0
landscape_feat_1196,0.0
landscape_feat_1204,0.0
landscape_feat_1197,0.0
landscape_feat_1198,0.0
landscape_feat_1199,0.0
landscape_feat_1200,0.0
landscape_feat_1201,0.0
landscape_feat_1202,0.0
landscape_feat_1203,0.0
landscape_feat_1141,0.0
landscape_feat_1139,0.0
landscape_feat_1044,0.0
landscape_feat_1098,0.0
landscape_feat_1072,0.0
landscape_feat_1073,0.0
landscape_feat_1074,0.0
landscape_feat_1076,0.0
landscape_feat_1077,0.0
landscape_feat_1078,0.0
landscape_feat_1079,0.0
landscape_feat_1080,0.0
landscape_feat_1081,0.0
landscape_feat_1082,0.0
landscape_feat_1083,0.0
landscape_feat_1084,0.0
landscape_feat_1086,0.0
landscape_feat_1087,0.0
landscape_feat_1092,0.0
landscape_feat_1093,0.0
landscape_feat_1094,0.0
landscape_feat_1071,0.0
landscape_feat_1070,0.0
landscape_feat_1069,0.0
landscape_feat_1056,0.0
landscape_feat_1046,0.0
landscape_feat_1047,0.0
landscape_feat_1048,0.0
landscape_feat_1049,0.0
landscape_feat_1051,0.0
landscape_feat_1054,0.0
landscape_feat_1055,0.0
landscape_feat_1057,0.0
landscape_feat_1067,0.0
landscape_feat_1059,0.0
landscape_feat_1060,0.0
landscape_feat_1061,0.0
landscape_feat_1062,0.0
landscape_feat_1063,0.0
landscape_feat_1065,0.0
landscape_feat_1066,0.0
landscape_feat_1095,0.0
landscape_feat_1099,0.0
landscape_feat_1138,0.0
landscape_feat_1100,0.0
landscape_feat_1121,0.0
landscape_feat_1122,0.0
landscape_feat_1123,0.0
landscape_feat_1124,0.0
landscape_feat_1125,0.0
landscape_feat_1126,0.0
landscape_feat_1127,0.0
landscape_feat_1128,0.0
landscape_feat_1129,0.0
landscape_feat_1130,0.0
landscape_feat_1131,0.0
landscape_feat_1132,0.0
landscape_feat_1133,0.0
landscape_feat_1134,0.0
landscape_feat_1135,0.0
landscape_feat_1136,0.0
landscape_feat_1137,0.0
landscape_feat_1120,0.0
landscape_feat_1119,0.0
landscape_feat_1118,0.0
landscape_feat_1108,0.0
landscape_feat_1101,0.0
landscape_feat_1102,0.0
landscape_feat_1103,0.0
landscape_feat_1104,0.0
landscape_feat_1105,0.0
landscape_feat_1106,0.0
landscape_feat_1107,0.0
landscape_feat_1109,0.0
landscape_feat_1117,0.0
landscape_feat_1110,0.0
landscape_feat_1111,0.0
landscape_feat_1112,0.0
landscape_feat_1113,0.0
landscape_feat_1114,0.0
landscape_feat_1115,0.0
landscape_feat_1116,0.0
landscape_feat_1225,0.0
landscape_feat_1226,0.0
landscape_feat_1227,0.0
landscape_feat_1350,0.0
landscape_feat_1332,0.0
landscape_feat_1333,0.0
landscape_feat_1334,0.0
landscape_feat_1335,0.0
landscape_feat_1336,0.0
landscape_feat_1337,0.0
landscape_feat_1338,0.0
landscape_feat_1339,0.0
landscape_feat_1340,0.0
landscape_feat_1341,0.0
landscape_feat_1342,0.0
landscape_feat_1343,0.0
landscape_feat_1344,0.0
landscape_feat_1345,0.0
landscape_feat_1346,0.0
total_persistence_H1,0.0
landscape_feat_1348,0.0
landscape_feat_1331,0.0
landscape_feat_1330,0.0
landscape_feat_1329,0.0
landscape_feat_1319,0.0
landscape_feat_1312,0.0
landscape_feat_1313,0.0
landscape_feat_1314,0.0
landscape_feat_1315,0.0
landscape_feat_1316,0.0
landscape_feat_1317,0.0
landscape_feat_1318,0.0
landscape_feat_1320,0.0
landscape_feat_1328,0.0
landscape_feat_1321,0.0
landscape_feat_1322,0.0
landscape_feat_1323,0.0
landscape_feat_1324,0.0
landscape_feat_1325,0.0
landscape_feat_1326,0.0
landscape_feat_1327,0.0
landscape_feat_1349,0.0
landscape_feat_1351,0.0
landscape_feat_1228,0.0
landscape_feat_1352,0.0
landscape_feat_1373,0.0
landscape_feat_1374,0.0
landscape_feat_1375,0.0
landscape_feat_1376,0.0
landscape_feat_1377,0.0
landscape_feat_1378,0.0
landscape_feat_1379,0.0
landscape_feat_1380,0.0
landscape_feat_1381,0.0
landscape_feat_1382,0.0
landscape_feat_1383,0.0
landscape_feat_1384,0.0
landscape_feat_1385,0.0
landscape_feat_1386,0.0
landscape_feat_1387,0.0
landscape_feat_1388,0.0
landscape_feat_1389,0.0
landscape_feat_1372,0.0
landscape_feat_1371,0.0
landscape_feat_1370,0.0
landscape_feat_1360,0.0
landscape_feat_1353,0.0
landscape_feat_1354,0.0
landscape_feat_1355,0.0
landscape_feat_1356,0.0
landscape_feat_1357,0.0
landscape_feat_1358,0.0
landscape_feat_1359,0.0
landscape_feat_1361,0.0
landscape_feat_1369,0.0
landscape_feat_1362,0.0
landscape_feat_1363,0.0
landscape_feat_1364,0.0
landscape_feat_1365,0.0
landscape_feat_1366,0.0
landscape_feat_1367,0.0
landscape_feat_1368,0.0
landscape_feat_1311,0.0
landscape_feat_1310,0.0
landscape_feat_1309,0.0
landscape_feat_1308,0.0
landscape_feat_1249,0.0
landscape_feat_1250,0.0
landscape_feat_1251,0.0
landscape_feat_1252,0.0
landscape_feat_1253,0.0
landscape_feat_1254,0.0
landscape_feat_1255,0.0
landscape_feat_1256,0.0
landscape_feat_1257,0.0
landscape_feat_1258,0.0
landscape_feat_1259,0.0
landscape_feat_1260,0.0
landscape_feat_1261,0.0
landscape_feat_1262,0.0
landscape_feat_1263,0.0
landscape_feat_1264,0.0
landscape_feat_1265,0.0
landscape_feat_1248,0.0
landscape_feat_1247,0.0
landscape_feat_1246,0.0
landscape_feat_1236,0.0
landscape_feat_1229,0.0
landscape_feat_1230,0.0
landscape_feat_1231,0.0
landscape_feat_1232,0.0
landscape_feat_1233,0.0
landscape_feat_1234,0.0
landscape_feat_1235,0.0
landscape_feat_1237,0.0
landscape_feat_1245,0.0
landscape_feat_1238,0.0
landscape_feat_1239,0.0
landscape_feat_1240,0.0
landscape_feat_1241,0.0
landscape_feat_1242,0.0
landscape_feat_1243,0.0
landscape_feat_1244,0.0
landscape_feat_1267,0.0
landscape_feat_1269,0.0
landscape_feat_1270,0.0
landscape_feat_1299,0.0
landscape_feat_1292,0.0
landscape_feat_1293,0.0
landscape_feat_1294,0.0
landscape_feat_1295,0.0
landscape_feat_1296,0.0
landscape_feat_1297,0.0
landscape_feat_1298,0.0
landscape_feat_1300,0.0
landscape_feat_1290,0.0
landscape_feat_1301,0.0
landscape_feat_1302,0.0
landscape_feat_1303,0.0
landscape_feat_1304,0.0
landscape_feat_1305,0.0
landscape_feat_1306,0.0
landscape_feat_1307,0.0
landscape_feat_1291,0.0
landscape_feat_1289,0.0
landscape_feat_1271,0.0
landscape_feat_1279,0.0
landscape_feat_1272,0.0
landscape_feat_1273,0.0
landscape_feat_1274,0.0
landscape_feat_1275,0.0
landscape_feat_1276,0.0
landscape_feat_1277,0.0
landscape_feat_1278,0.0
landscape_feat_1280,0.0
landscape_feat_1288,0.0
landscape_feat_1281,0.0
landscape_feat_1282,0.0
landscape_feat_1283,0.0
landscape_feat_1284,0.0
landscape_feat_1285,0.0
landscape_feat_1286,0.0
landscape_feat_1287,0.0
landscape_feat_1045,0.0
landscape_feat_1043,0.0
landscape_feat_709,0.0
landscape_feat_835,0.0
landscape_feat_816,0.0
landscape_feat_817,0.0
landscape_feat_818,0.0
landscape_feat_819,0.0
landscape_feat_821,0.0
landscape_feat_822,0.0
landscape_feat_823,0.0
landscape_feat_824,0.0
landscape_feat_825,0.0
landscape_feat_826,0.0
landscape_feat_827,0.0
landscape_feat_828,0.0
landscape_feat_829,0.0
landscape_feat_830,0.0
landscape_feat_831,0.0
landscape_feat_832,0.0
landscape_feat_833,0.0
landscape_feat_815,0.0
landscape_feat_814,0.0
landscape_feat_813,0.0
landscape_feat_803,0.0
landscape_feat_796,0.0
landscape_feat_797,0.0
landscape_feat_798,0.0
landscape_feat_799,0.0
landscape_feat_800,0.0
landscape_feat_801,0.0
landscape_feat_802,0.0
landscape_feat_804,0.0
landscape_feat_812,0.0
landscape_feat_805,0.0
landscape_feat_806,0.0
landscape_feat_807,0.0
landscape_feat_808,0.0
landscape_feat_809,0.0
landscape_feat_810,0.0
landscape_feat_811,0.0
landscape_feat_834,0.0
landscape_feat_836,0.0
landscape_feat_794,0.0
landscape_feat_837,0.0
landscape_feat_860,0.0
landscape_feat_861,0.0
landscape_feat_862,0.0
landscape_feat_864,0.0
landscape_feat_865,0.0
landscape_feat_866,0.0
landscape_feat_867,0.0
landscape_feat_868,0.0
landscape_feat_869,0.0
landscape_feat_870,0.0
landscape_feat_871,0.0
landscape_feat_872,0.0
landscape_feat_873,0.0
landscape_feat_874,0.0
landscape_feat_876,0.0
landscape_feat_877,0.0
landscape_feat_878,0.0
landscape_feat_859,0.0
landscape_feat_858,0.0
landscape_feat_857,0.0
landscape_feat_846,0.0
landscape_feat_839,0.0
landscape_feat_840,0.0
landscape_feat_841,0.0
landscape_feat_842,0.0
landscape_feat_843,0.0
landscape_feat_844,0.0
landscape_feat_845,0.0
landscape_feat_847,0.0
landscape_feat_856,0.0
landscape_feat_848,0.0
landscape_feat_849,0.0
landscape_feat_850,0.0
landscape_feat_851,0.0
landscape_feat_852,0.0
landscape_feat_853,0.0
landscape_feat_855,0.0
landscape_feat_795,0.0
landscape_feat_793,0.0
landscape_feat_1042,0.0
landscape_feat_750,0.0
landscape_feat_731,0.0
landscape_feat_732,0.0
landscape_feat_733,0.0
landscape_feat_734,0.0
landscape_feat_735,0.0
landscape_feat_736,0.0
landscape_feat_737,0.0
landscape_feat_738,0.0
landscape_feat_739,0.0
landscape_feat_740,0.0
landscape_feat_741,0.0
landscape_feat_742,0.0
landscape_feat_743,0.0
landscape_feat_744,0.0
landscape_feat_745,0.0
landscape_feat_746,0.0
landscape_feat_747,0.0
landscape_feat_730,0.0
landscape_feat_729,0.0
landscape_feat_728,0.0
landscape_feat_717,0.0
landscape_feat_710,0.0
landscape_feat_711,0.0
landscape_feat_712,0.0
landscape_feat_713,0.0
landscape_feat_714,0.0
landscape_feat_715,0.0
landscape_feat_716,0.0
landscape_feat_718,0.0
landscape_feat_727,0.0
landscape_feat_719,0.0
landscape_feat_720,0.0
landscape_feat_721,0.0
landscape_feat_722,0.0
landscape_feat_723,0.0
landscape_feat_725,0.0
landscape_feat_726,0.0
landscape_feat_748,0.0
landscape_feat_751,0.0
landscape_feat_792,0.0
landscape_feat_752,0.0
landscape_feat_775,0.0
landscape_feat_776,0.0
landscape_feat_777,0.0
landscape_feat_778,0.0
landscape_feat_779,0.0
landscape_feat_780,0.0
landscape_feat_781,0.0
landscape_feat_782,0.0
landscape_feat_783,0.0
landscape_feat_784,0.0
landscape_feat_785,0.0
landscape_feat_786,0.0
landscape_feat_787,0.0
landscape_feat_788,0.0
landscape_feat_789,0.0
landscape_feat_790,0.0
landscape_feat_791,0.0
landscape_feat_774,0.0
landscape_feat_773,0.0
landscape_feat_772,0.0
landscape_feat_760,0.0
landscape_feat_753,0.0
landscape_feat_754,0.0
landscape_feat_755,0.0
landscape_feat_756,0.0
landscape_feat_757,0.0
landscape_feat_758,0.0
landscape_feat_759,0.0
landscape_feat_761,0.0
landscape_feat_770,0.0
landscape_feat_762,0.0
landscape_feat_763,0.0
landscape_feat_764,0.0
landscape_feat_765,0.0
landscape_feat_766,0.0
landscape_feat_768,0.0
landscape_feat_769,0.0
landscape_feat_879,0.0
landscape_feat_880,0.0
landscape_feat_881,0.0
landscape_feat_1002,0.0
landscape_feat_984,0.0
landscape_feat_985,0.0
landscape_feat_986,0.0
landscape_feat_987,0.0
landscape_feat_988,0.0
landscape_feat_989,0.0
landscape_feat_990,0.0
landscape_feat_991,0.0
landscape_feat_992,0.0
landscape_feat_993,0.0
landscape_feat_994,0.0
landscape_feat_995,0.0
landscape_feat_996,0.0
landscape_feat_997,0.0
landscape_feat_998,0.0
landscape_feat_999,0.0
landscape_feat_1000,0.0
landscape_feat_983,0.0
landscape_feat_982,0.0
landscape_feat_981,0.0
landscape_feat_971,0.0
landscape_feat_964,0.0
landscape_feat_965,0.0
landscape_feat_966,0.0
landscape_feat_967,0.0
landscape_feat_968,0.0
landscape_feat_969,0.0
landscape_feat_970,0.0
landscape_feat_972,0.0
landscape_feat_980,0.0
landscape_feat_973,0.0
landscape_feat_974,0.0
landscape_feat_975,0.0
landscape_feat_976,0.0
landscape_feat_977,0.0
landscape_feat_978,0.0
landscape_feat_979,0.0
landscape_feat_1001,0.0
landscape_feat_1003,0.0
landscape_feat_882,0.0
landscape_feat_1004,0.0
landscape_feat_1025,0.0
landscape_feat_1026,0.0
landscape_feat_1027,0.0
landscape_feat_1028,0.0
landscape_feat_1029,0.0
landscape_feat_1030,0.0
landscape_feat_1031,0.0
landscape_feat_1032,0.0
landscape_feat_1033,0.0
landscape_feat_1034,0.0
landscape_feat_1035,0.0
landscape_feat_1036,0.0
landscape_feat_1037,0.0
landscape_feat_1038,0.0
landscape_feat_1039,0.0
landscape_feat_1040,0.0
landscape_feat_1041,0.0
landscape_feat_1024,0.0
landscape_feat_1023,0.0
landscape_feat_1022,0.0
landscape_feat_1012,0.0
landscape_feat_1005,0.0
landscape_feat_1006,0.0
landscape_feat_1007,0.0
landscape_feat_1008,0.0
landscape_feat_1009,0.0
landscape_feat_1010,0.0
landscape_feat_1011,0.0
landscape_feat_1013,0.0
landscape_feat_1021,0.0
landscape_feat_1014,0.0
landscape_feat_1015,0.0
landscape_feat_1016,0.0
landscape_feat_1017,0.0
landscape_feat_1018,0.0
landscape_feat_1019,0.0
landscape_feat_1020,0.0
landscape_feat_963,0.0
landscape_feat_962,0.0
landscape_feat_961,0.0
landscape_feat_960,0.0
landscape_feat_903,0.0
landscape_feat_904,0.0
landscape_feat_905,0.0
landscape_feat_906,0.0
landscape_feat_907,0.0
landscape_feat_908,0.0
landscape_feat_909,0.0
landscape_feat_910,0.0
landscape_feat_911,0.0
landscape_feat_912,0.0
landscape_feat_913,0.0
landscape_feat_914,0.0
landscape_feat_915,0.0
landscape_feat_916,0.0
landscape_feat_917,0.0
landscape_feat_918,0.0
landscape_feat_919,0.0
landscape_feat_902,0.0
landscape_feat_901,0.0
landscape_feat_900,0.0
landscape_feat_890,0.0
landscape_feat_883,0.0
landscape_feat_884,0.0
landscape_feat_885,0.0
landscape_feat_886,0.0
landscape_feat_887,0.0
landscape_feat_888,0.0
landscape_feat_889,0.0
landscape_feat_891,0.0
landscape_feat_899,0.0
landscape_feat_892,0.0
landscape_feat_893,0.0
landscape_feat_894,0.0
landscape_feat_895,0.0
landscape_feat_896,0.0
landscape_feat_897,0.0
landscape_feat_898,0.0
landscape_feat_920,0.0
landscape_feat_921,0.0
landscape_feat_922,0.0
landscape_feat_951,0.0
landscape_feat_944,0.0
landscape_feat_945,0.0
landscape_feat_946,0.0
landscape_feat_947,0.0
landscape_feat_948,0.0
landscape_feat_949,0.0
landscape_feat_950,0.0
landscape_feat_952,0.0
landscape_feat_942,0.0
landscape_feat_953,0.0
landscape_feat_954,0.0
landscape_feat_955,0.0
landscape_feat_956,0.0
landscape_feat_957,0.0
landscape_feat_958,0.0
landscape_feat_959,0.0
landscape_feat_943,0.0
landscape_feat_941,0.0
landscape_feat_923,0.0
landscape_feat_931,0.0
landscape_feat_924,0.0
landscape_feat_925,0.0
landscape_feat_926,0.0
landscape_feat_927,0.0
landscape_feat_928,0.0
landscape_feat_929,0.0
landscape_feat_930,0.0
landscape_feat_932,0.0
landscape_feat_940,0.0
landscape_feat_933,0.0
landscape_feat_934,0.0
landscape_feat_935,0.0
landscape_feat_936,0.0
landscape_feat_937,0.0
landscape_feat_938,0.0
landscape_feat_939,0.0
landscape_feat_2699,0.0
